用例编号,所属产品,所属模块,相关需求,用例标题,前置条件,步骤,预期,实际情况,关键词,优先级,用例类型,适用阶段,用例状态,B,R,S,结果,由谁创建,创建日期,最后修改者,修改日期,用例版本,相关用例
2031,WoniuBossERP(#1),/市场营销(#3),账号权限,管理员账号登录，正确输入解密账号，解密权限检查,成功登录，进入市场营销,"1.点击解密
2.输入解密账号【woniu123】
3.点击“确定”","1.系统弹出解密窗口
2.解密账号成功输入
3.解密成功，加密信息变为明文显示",,,1,功能测试,系统测试阶段,正常,0,0,1,,,2019/11/26,,,1,
2032,WoniuBossERP(#1),/市场营销(#3),账号权限,管理员账号登录，错误输入解密账号，解密权限检查,成功登录，进入市场营销,"1.点击解密
2.输入解密账号【woniu12】
3.点击“确定”","1.系统弹出解密窗口
2.解密账号成功输入
3.系统提示“二级密码错误”，解密不成功，显示为加密信息",,,1,功能测试,系统测试阶段,正常,0,0,1,,,2019/11/26,,,1,
2033,WoniuBossERP(#1),/市场营销(#3),账号权限,管理员账号登录，解密账号输入为空，解密权限检查,成功登录，进入市场营销,"1.点击解密
2.解密账号为空
3.点击“确定”","1.系统弹出解密窗口
2.解密账号为空
3.系统提示“二级密码为空”，解密不成功，显示为加密信息",,,1,功能测试,系统测试阶段,正常,0,0,1,,,2019/11/26,,,1,
2034,WoniuBossERP(#1),/市场营销(#3),账号权限,管理员账号登录，解密账号输入长字符串，解密权限检查,成功登录，进入市场营销,"1.点击解密
2.解密账号输入10000字符
3.点击“确定”","1.系统弹出解密窗口
2.解密账号为空
3.3.系统提示“二级密码错误”，解密不成功，显示为加密信息",,,1,功能测试,系统测试阶段,正常,0,0,1,,,2019/11/26,,,1,
2035,WoniuBossERP(#1),/市场营销(#3),账号权限,总经理账号登录，解密权限检查,成功登录，进入市场营销,"1.点击解密
2.输入解密账号【woniu123】
3.点击“确定”","1.系统弹出解密窗口
2.解密账号成功输入
3.解密成功，加密信息变为明文显示",,,1,功能测试,系统测试阶段,正常,0,0,1,,,2019/11/26,,,1,
2036,WoniuBossERP(#1),/市场营销(#3),账号权限,副总经理账号登录，解密权限检查,成功登录，进入市场营销,"1.点击解密
2.输入解密账号【woniu123】
3.点击“确定”","1.系统弹出解密窗口
2.解密账号成功输入
3.解密成功，加密信息变为明文显示",,,1,功能测试,系统测试阶段,正常,0,0,1,,,2019/11/26,,,1,
2037,WoniuBossERP(#1),/市场营销(#3),账号权限,咨询主管账号登录，解密权限检查,成功登录，进入市场营销,"1.点击解密
2.输入解密账号【woniu123】
3.点击“确定”","1.系统弹出解密窗口
2.解密账号成功输入
3.解密不成功，系统提示“当前账户无权限”，显示为加密信息",,,1,功能测试,系统测试阶段,正常,0,0,1,,,2019/11/26,,,1,
2038,WoniuBossERP(#1),/市场营销(#3),账号权限,教学主管账号登录，解密权限检查,成功登录，进入市场营销,"1.点击解密
2.输入解密账号【woniu123】
3.点击“确定”","1.系统弹出解密窗口
2.解密账号成功输入
3.解密不成功，系统提示“当前账户无权限”，显示为加密信息",,,1,功能测试,系统测试阶段,正常,0,0,1,,,2019/11/26,,,1,
2039,WoniuBossERP(#1),/市场营销(#3),账号权限,咨询师账号登录，解密权限检查,成功登录，进入市场营销,"1.点击解密
2.输入解密账号【woniu123】
3.点击“确定”","1.系统弹出解密窗口
2.解密账号成功输入
3.解密不成功，系统提示“当前账户无权限”，显示为加密信息",,,1,功能测试,系统测试阶段,正常,0,0,1,,,2019/11/26,,,1,
2040,WoniuBossERP(#1),/市场营销(#3),账号权限,讲师账号登录，解密权限检查,成功登录，进入市场营销,"1.点击解密
2.输入解密账号【woniu123】
3.点击“确定”","1.系统弹出解密窗口
2.解密账号成功输入
3.解密不成功，系统提示“当前账户无权限”，显示为加密信息",,,1,功能测试,系统测试阶段,正常,0,0,1,,,2019/11/26,,,1,
2041,WoniuBossERP(#1),/市场营销(#3),账号权限,财务账号登录，解密权限检查,成功登录，进入市场营销,"1.点击解密
2.输入解密账号【woniu123】
3.点击“确定”","1.系统弹出解密窗口
2.解密账号成功输入
3.解密不成功，系统提示“当前账户无权限”，显示为加密信息",,,1,功能测试,系统测试阶段,正常,0,0,1,,,2019/11/26,,,1,
2042,WoniuBossERP(#1),/市场营销(#3),账号权限,就业老师账号登录，解密权限检查,成功登录，进入市场营销,"1.点击解密
2.输入解密账号【woniu123】
3.点击“确定”","1.系统弹出解密窗口
2.解密账号成功输入
3.解密不成功，系统提示“当前账户无权限”，显示为加密信息",,,1,功能测试,系统测试阶段,正常,0,0,1,,,2019/11/26,,,1,
2043,WoniuBossERP(#1),/市场营销(#3),账号权限,市场人员账号登录，解密权限检查,成功登录，进入市场营销,"1.点击解密
2.输入解密账号【woniu123】
3.点击“确定”","1.系统弹出解密窗口
2.解密账号成功输入
3.解密成功，加密信息变为明文显示",,,1,功能测试,系统测试阶段,正常,0,0,1,,,2019/11/26,,,1,
2044,WoniuBossERP(#1),/市场营销(#3),查询功能,选择区域、状态，开始时间、结束时间为空为空，点击“查询”,成功登录，进入市场营销,"1.下拉框“区域”选择【全部】
2.下拉框“状态”选择【全部】
3.开始时间为空
4.结束时间为空
5.点击“查询”
","1.下拉框“区域”选择成功
2.下拉框“状态”选择成功
3.开始时间为空
4.结束时间为空
5.显示内容列表，包括（
姓名、区域、来源、状态、电话号码、qq号码年龄、咨询师、入库时间）
",,,2,功能测试,系统测试阶段,正常,0,0,1,,,2019/11/26,,,1,
2045,WoniuBossERP(#1),/市场营销(#3),查询功能,选择区域、状态，开始时间、结束时间为空，点击“查询”,成功登录，进入市场营销,"1.下拉框“区域”选择【成都】
2.下拉框“状态”选择【全部】
3.开始时间为空
4.结束时间为空
5.点击“查询”
","1.下拉框“区域”选择成功
2.下拉框“状态”选择成功
3.开始时间为空
4.结束时间为空
5.显示内容列表，包括（
姓名、区域、来源、状态、电话号码、qq号码年龄、咨询师、入库时间）
",,,2,功能测试,系统测试阶段,正常,0,0,1,,,2019/11/26,,,1,
2046,WoniuBossERP(#1),/市场营销(#3),查询功能,选择区域、状态，开始时间、结束时间为空，点击“查询”,成功登录，进入市场营销,"1.下拉框“区域”选择【重庆】
2.下拉框“状态”选择【全部】
3.开始时间为空
4.结束时间为空
5.点击“查询”
","1.下拉框“区域”选择成功
2.下拉框“状态”选择成功
3.开始时间为空
4.结束时间为空
5.显示内容列表，包括（
姓名、区域、来源、状态、电话号码、qq号码年龄、咨询师、入库时间）
",,,2,功能测试,系统测试阶段,正常,0,0,1,,,2019/11/26,,,1,
2047,WoniuBossERP(#1),/市场营销(#3),查询功能,选择区域、状态，开始时间、结束时间为空，点击“查询”,成功登录，进入市场营销,"1.下拉框“区域”选择【西安】
2.下拉框“状态”选择【全部】
3.开始时间为空
4.结束时间为空
5.点击“查询”
","1.下拉框“区域”选择成功
2.下拉框“状态”选择成功
3.开始时间为空
4.结束时间为空
5.显示内容列表，包括（
姓名、区域、来源、状态、电话号码、qq号码年龄、咨询师、入库时间）
",,,2,功能测试,系统测试阶段,正常,0,0,1,,,2019/11/26,,,1,
2048,WoniuBossERP(#1),/市场营销(#3),查询功能,选择区域、状态，开始时间、结束时间为空，点击“查询”,成功登录，进入市场营销,"1.下拉框“区域”选择【全部】
2.下拉框“状态”选择【新入库】
3.开始时间为空
4.结束时间为空
5.点击“查询”
","1.下拉框“区域”选择成功
2.下拉框“状态”选择成功
3.开始时间为空
4.结束时间为空
5.显示内容列表，包括（
姓名、区域、来源、状态、电话号码、qq号码年龄、咨询师、入库时间）
",,,2,功能测试,系统测试阶段,正常,0,0,1,,,2019/11/26,,,1,
2049,WoniuBossERP(#1),/市场营销(#3),查询功能,选择区域、状态，开始时间、结束时间为空，点击“查询”,成功登录，进入市场营销,"1.下拉框“区域”选择【全部】
2.下拉框“状态”选择【新认领】
3.开始时间为空
4.结束时间为空
5.点击“查询”
","1.下拉框“区域”选择成功
2.下拉框“状态”选择成功
3.开始时间为空
4.结束时间为空
5.显示内容列表，包括（
姓名、区域、来源、状态、电话号码、qq号码年龄、咨询师、入库时间）
",,,2,功能测试,系统测试阶段,正常,0,0,1,,,2019/11/26,,,1,
2050,WoniuBossERP(#1),/市场营销(#3),查询功能,选择区域、状态，开始时间、结束时间为空，点击“查询”,成功登录，进入市场营销,"1.下拉框“区域”选择【全部】
2.下拉框“状态”选择【已预约】
3.开始时间为空
4.结束时间为空
5.点击“查询”
","1.下拉框“区域”选择成功
2.下拉框“状态”选择成功
3.开始时间为空
4.结束时间为空
5.显示内容列表，包括（
姓名、区域、来源、状态、电话号码、qq号码年龄、咨询师、入库时间）
",,,2,功能测试,系统测试阶段,正常,0,0,1,,,2019/11/26,,,1,
2051,WoniuBossERP(#1),/市场营销(#3),查询功能,选择区域、状态，开始时间、结束时间为空，点击“查询”,成功登录，进入市场营销,"1.下拉框“区域”选择【全部】
2.下拉框“状态”选择【新入库】
3.开始时间为空
4.结束时间为空
5.点击“查询”
","1.下拉框“区域”选择成功
2.下拉框“状态”选择成功
3.开始时间为空
4.结束时间为空
5.显示内容列表，包括（
姓名、区域、来源、状态、电话号码、qq号码年龄、咨询师、入库时间）
",,,2,功能测试,系统测试阶段,正常,0,0,1,,,2019/11/26,,,1,
2052,WoniuBossERP(#1),/市场营销(#3),查询功能,选择区域、状态，开始时间、结束时间为空，点击“查询”,成功登录，进入市场营销,"1.下拉框“区域”选择【全部】
2.下拉框“状态”选择【已上门】
3.开始时间为空
4.结束时间为空
5.点击“查询”
","1.下拉框“区域”选择成功
2.下拉框“状态”选择成功
3.开始时间为空
4.结束时间为空
5.显示内容列表，包括（
姓名、区域、来源、状态、电话号码、qq号码年龄、咨询师、入库时间）
",,,2,功能测试,系统测试阶段,正常,0,0,1,,,2019/11/26,,,1,
2053,WoniuBossERP(#1),/市场营销(#3),查询功能,选择区域、状态，开始时间、结束时间为空，点击“查询”,成功登录，进入市场营销,"1.下拉框“区域”选择【全部】
2.下拉框“状态”选择【再投递】
3.开始时间为空
4.结束时间为空
5.点击“查询”
","1.下拉框“区域”选择成功
2.下拉框“状态”选择成功
3.开始时间为空
4.结束时间为空
5.显示内容列表，包括（
姓名、区域、来源、状态、电话号码、qq号码年龄、咨询师、入库时间）
",,,2,功能测试,系统测试阶段,正常,0,0,1,,,2019/11/26,,,1,
2054,WoniuBossERP(#1),/市场营销(#3),查询功能,选择区域、状态，开始时间、结束时间为空，点击“查询”,成功登录，进入市场营销,"1.下拉框“区域”选择【全部】
2.下拉框“状态”选择【已报名】
3.开始时间为空
4.结束时间为空
5.点击“查询”
","1.下拉框“区域”选择成功
2.下拉框“状态”选择成功
3.开始时间为空
4.结束时间为空
5.显示内容列表，包括（
姓名、区域、来源、状态、电话号码、qq号码年龄、咨询师、入库时间）
",,,2,功能测试,系统测试阶段,正常,0,0,1,,,2019/11/26,,,1,
2055,WoniuBossERP(#1),/市场营销(#3),查询功能,选择区域、状态，开始时间、结束时间为空，点击“查询”,成功登录，进入市场营销,"1.下拉框“区域”选择【全部】
2.下拉框“状态”选择【可跟进】
3.开始时间为空
4.结束时间为空
5.点击“查询”
","1.下拉框“区域”选择成功
2.下拉框“状态”选择成功
3.开始时间为空
4.结束时间为空
5.显示内容列表，包括（
姓名、区域、来源、状态、电话号码、qq号码年龄、咨询师、入库时间）
",,,2,功能测试,系统测试阶段,正常,0,0,1,,,2019/11/26,,,1,
2056,WoniuBossERP(#1),/市场营销(#3),查询功能,选择区域、状态，开始时间、结束时间为空，点击“查询”,成功登录，进入市场营销,"1.下拉框“区域”选择【全部】
2.下拉框“状态”选择【无意向】
3.开始时间为空
4.结束时间为空
5.点击“查询”
","1.下拉框“区域”选择成功
2.下拉框“状态”选择成功
3.开始时间为空
4.结束时间为空
5.显示内容列表，包括（
姓名、区域、来源、状态、电话号码、qq号码年龄、咨询师、入库时间）
",,,2,功能测试,系统测试阶段,正常,0,0,1,,,2019/11/26,,,1,
2057,WoniuBossERP(#1),/市场营销(#3),查询功能,选择区域、状态，开始时间、结束时间为空，点击“查询”,成功登录，进入市场营销,"1.下拉框“区域”选择【全部】
2.下拉框“状态”选择【未联系上】
3.开始时间为空
4.结束时间为空
5.点击“查询”
","1.下拉框“区域”选择成功
2.下拉框“状态”选择成功
3.开始时间为空
4.结束时间为空
5.显示内容列表，包括（
姓名、区域、来源、状态、电话号码、qq号码年龄、咨询师、入库时间）
",,,2,功能测试,系统测试阶段,正常,0,0,1,,,2019/11/26,,,1,
2058,WoniuBossERP(#1),/市场营销(#3),查询功能,选择区域、状态，开始时间、结束时间为空，点击“查询”,成功登录，进入市场营销,"1.下拉框“区域”选择【全部】
2.下拉框“状态”选择【培训过】
3.开始时间为空
4.结束时间为空
5.点击“查询”
","1.下拉框“区域”选择成功
2.下拉框“状态”选择成功
3.开始时间为空
4.结束时间为空
5.显示内容列表，包括（
姓名、区域、来源、状态、电话号码、qq号码年龄、咨询师、入库时间）
",,,2,功能测试,系统测试阶段,正常,0,0,1,,,2019/11/26,,,1,
2059,WoniuBossERP(#1),/市场营销(#3),查询功能,选择区域、状态，开始时间、结束时间为空，点击“查询”,成功登录，进入市场营销,"1.下拉框“区域”选择【全部】
2.下拉框“状态”选择【条件不符】
3.开始时间为空
4.结束时间为空
5.点击“查询”
","1.下拉框“区域”选择成功
2.下拉框“状态”选择成功
3.开始时间为空
4.结束时间为空
5.显示内容列表，包括（
姓名、区域、来源、状态、电话号码、qq号码年龄、咨询师、入库时间）
",,,2,功能测试,系统测试阶段,正常,0,0,1,,,2019/11/26,,,1,
2060,WoniuBossERP(#1),/市场营销(#3),查询功能,选择区域、状态，开始时间、结束时间为空，点击“查询”,成功登录，进入市场营销,"1.下拉框“区域”选择【成都】
2.下拉框“状态”选择【新入库】
3.开始时间为空
4.结束时间为空
5.点击“查询”
","1.下拉框“区域”选择成功
2.下拉框“状态”选择成功
3.开始时间为空
4.结束时间为空
5.显示内容列表，包括（
姓名、区域、来源、状态、电话号码、qq号码年龄、咨询师、入库时间）
",,,2,功能测试,系统测试阶段,正常,0,0,1,,,2019/11/26,,,1,
2061,WoniuBossERP(#1),/市场营销(#3),查询功能,选择区域、状态，开始时间、结束时间为空，点击“查询”,成功登录，进入市场营销,"1.下拉框“区域”选择【成都】
2.下拉框“状态”选择【新认领】
3.开始时间为空
4.结束时间为空
5.点击“查询”
","1.下拉框“区域”选择成功
2.下拉框“状态”选择成功
3.开始时间为空
4.结束时间为空
5.显示内容列表，包括（
姓名、区域、来源、状态、电话号码、qq号码年龄、咨询师、入库时间）
",,,2,功能测试,系统测试阶段,正常,0,0,1,,,2019/11/26,,,1,
2062,WoniuBossERP(#1),/市场营销(#3),查询功能,选择区域、状态，开始时间、结束时间为空，点击“查询”,成功登录，进入市场营销,"1.下拉框“区域”选择【成都】
2.下拉框“状态”选择【已预约】
3.开始时间为空
4.结束时间为空
5.点击“查询”
","1.下拉框“区域”选择成功
2.下拉框“状态”选择成功
3.开始时间为空
4.结束时间为空
5.显示内容列表，包括（
姓名、区域、来源、状态、电话号码、qq号码年龄、咨询师、入库时间）
",,,2,功能测试,系统测试阶段,正常,0,0,1,,,2019/11/26,,,1,
2063,WoniuBossERP(#1),/市场营销(#3),查询功能,选择区域、状态，开始时间、结束时间为空，点击“查询”,成功登录，进入市场营销,"1.下拉框“区域”选择【成都】
2.下拉框“状态”选择【新入库】
3.开始时间为空
4.结束时间为空
5.点击“查询”
","1.下拉框“区域”选择成功
2.下拉框“状态”选择成功
3.开始时间为空
4.结束时间为空
5.显示内容列表，包括（
姓名、区域、来源、状态、电话号码、qq号码年龄、咨询师、入库时间）
",,,2,功能测试,系统测试阶段,正常,0,0,1,,,2019/11/26,,,1,
2064,WoniuBossERP(#1),/市场营销(#3),查询功能,选择区域、状态，开始时间、结束时间为空，点击“查询”,成功登录，进入市场营销,"1.下拉框“区域”选择【成都】
2.下拉框“状态”选择【已上门】
3.开始时间为空
4.结束时间为空
5.点击“查询”
","1.下拉框“区域”选择成功
2.下拉框“状态”选择成功
3.开始时间为空
4.结束时间为空
5.显示内容列表，包括（
姓名、区域、来源、状态、电话号码、qq号码年龄、咨询师、入库时间）
",,,2,功能测试,系统测试阶段,正常,0,0,1,,,2019/11/26,,,1,
2065,WoniuBossERP(#1),/市场营销(#3),查询功能,选择区域、状态，开始时间、结束时间为空，点击“查询”,成功登录，进入市场营销,"1.下拉框“区域”选择【成都】
2.下拉框“状态”选择【再投递】
3.开始时间为空
4.结束时间为空
5.点击“查询”
","1.下拉框“区域”选择成功
2.下拉框“状态”选择成功
3.开始时间为空
4.结束时间为空
5.显示内容列表，包括（
姓名、区域、来源、状态、电话号码、qq号码年龄、咨询师、入库时间）
",,,2,功能测试,系统测试阶段,正常,0,0,1,,,2019/11/26,,,1,
2066,WoniuBossERP(#1),/市场营销(#3),查询功能,选择区域、状态，开始时间、结束时间为空，点击“查询”,成功登录，进入市场营销,"1.下拉框“区域”选择【成都】
2.下拉框“状态”选择【已报名】
3.开始时间为空
4.结束时间为空
5.点击“查询”
","1.下拉框“区域”选择成功
2.下拉框“状态”选择成功
3.开始时间为空
4.结束时间为空
5.显示内容列表，包括（
姓名、区域、来源、状态、电话号码、qq号码年龄、咨询师、入库时间）
",,,2,功能测试,系统测试阶段,正常,0,0,1,,,2019/11/26,,,1,
2067,WoniuBossERP(#1),/市场营销(#3),查询功能,选择区域、状态，开始时间、结束时间为空，点击“查询”,成功登录，进入市场营销,"1.下拉框“区域”选择【成都】
2.下拉框“状态”选择【可跟进】
3.开始时间为空
4.结束时间为空
5.点击“查询”
","1.下拉框“区域”选择成功
2.下拉框“状态”选择成功
3.开始时间为空
4.结束时间为空
5.显示内容列表，包括（
姓名、区域、来源、状态、电话号码、qq号码年龄、咨询师、入库时间）
",,,2,功能测试,系统测试阶段,正常,0,0,1,,,2019/11/26,,,1,
2068,WoniuBossERP(#1),/市场营销(#3),查询功能,选择区域、状态，开始时间、结束时间为空，点击“查询”,成功登录，进入市场营销,"1.下拉框“区域”选择【成都】
2.下拉框“状态”选择【无意向】
3.开始时间为空
4.结束时间为空
5.点击“查询”
","1.下拉框“区域”选择成功
2.下拉框“状态”选择成功
3.开始时间为空
4.结束时间为空
5.显示内容列表，包括（
姓名、区域、来源、状态、电话号码、qq号码年龄、咨询师、入库时间）
",,,2,功能测试,系统测试阶段,正常,0,0,1,,,2019/11/26,,,1,
2069,WoniuBossERP(#1),/市场营销(#3),查询功能,选择区域、状态，开始时间、结束时间为空，点击“查询”,成功登录，进入市场营销,"1.下拉框“区域”选择【成都】
2.下拉框“状态”选择【未联系上】
3.开始时间为空
4.结束时间为空
5.点击“查询”
","1.下拉框“区域”选择成功
2.下拉框“状态”选择成功
3.开始时间为空
4.结束时间为空
5.显示内容列表，包括（
姓名、区域、来源、状态、电话号码、qq号码年龄、咨询师、入库时间）
",,,2,功能测试,系统测试阶段,正常,0,0,1,,,2019/11/26,,,1,
2070,WoniuBossERP(#1),/市场营销(#3),查询功能,选择区域、状态，开始时间、结束时间为空，点击“查询”,成功登录，进入市场营销,"1.下拉框“区域”选择【成都】
2.下拉框“状态”选择【培训过】
3.开始时间为空
4.结束时间为空
5.点击“查询”
","1.下拉框“区域”选择成功
2.下拉框“状态”选择成功
3.开始时间为空
4.结束时间为空
5.显示内容列表，包括（
姓名、区域、来源、状态、电话号码、qq号码年龄、咨询师、入库时间）
",,,2,功能测试,系统测试阶段,正常,0,0,1,,,2019/11/26,,,1,
2071,WoniuBossERP(#1),/市场营销(#3),查询功能,选择区域、状态，开始时间、结束时间为空，点击“查询”,成功登录，进入市场营销,"1.下拉框“区域”选择【成都】
2.下拉框“状态”选择【条件不符】
3.开始时间为空
4.结束时间为空
5.点击“查询”
","1.下拉框“区域”选择成功
2.下拉框“状态”选择成功
3.开始时间为空
4.结束时间为空
5.显示内容列表，包括（
姓名、区域、来源、状态、电话号码、qq号码年龄、咨询师、入库时间）
",,,2,功能测试,系统测试阶段,正常,0,0,1,,,2019/11/26,,,1,
2072,WoniuBossERP(#1),/市场营销(#3),查询功能,选择区域、状态，开始时间、结束时间为空，点击“查询”,成功登录，进入市场营销,"1.下拉框“区域”选择【重庆】
2.下拉框“状态”选择【新入库】
3.开始时间为空
4.结束时间为空
5.点击“查询”
","1.下拉框“区域”选择成功
2.下拉框“状态”选择成功
3.开始时间为空
4.结束时间为空
5.显示内容列表，包括（
姓名、区域、来源、状态、电话号码、qq号码年龄、咨询师、入库时间）
",,,2,功能测试,系统测试阶段,正常,0,0,1,,,2019/11/26,,,1,
2073,WoniuBossERP(#1),/市场营销(#3),查询功能,选择区域、状态，开始时间、结束时间为空，点击“查询”,成功登录，进入市场营销,"1.下拉框“区域”选择【重庆】
2.下拉框“状态”选择【新认领】
3.开始时间为空
4.结束时间为空
5.点击“查询”
","1.下拉框“区域”选择成功
2.下拉框“状态”选择成功
3.开始时间为空
4.结束时间为空
5.显示内容列表，包括（
姓名、区域、来源、状态、电话号码、qq号码年龄、咨询师、入库时间）
",,,2,功能测试,系统测试阶段,正常,0,0,1,,,2019/11/26,,,1,
2074,WoniuBossERP(#1),/市场营销(#3),查询功能,选择区域、状态，开始时间、结束时间为空，点击“查询”,成功登录，进入市场营销,"1.下拉框“区域”选择【重庆】
2.下拉框“状态”选择【已预约】
3.开始时间为空
4.结束时间为空
5.点击“查询”
","1.下拉框“区域”选择成功
2.下拉框“状态”选择成功
3.开始时间为空
4.结束时间为空
5.显示内容列表，包括（
姓名、区域、来源、状态、电话号码、qq号码年龄、咨询师、入库时间）
",,,2,功能测试,系统测试阶段,正常,0,0,1,,,2019/11/26,,,1,
2075,WoniuBossERP(#1),/市场营销(#3),查询功能,选择区域、状态，开始时间、结束时间为空，点击“查询”,成功登录，进入市场营销,"1.下拉框“区域”选择【重庆】
2.下拉框“状态”选择【新入库】
3.开始时间为空
4.结束时间为空
5.点击“查询”
","1.下拉框“区域”选择成功
2.下拉框“状态”选择成功
3.开始时间为空
4.结束时间为空
5.显示内容列表，包括（
姓名、区域、来源、状态、电话号码、qq号码年龄、咨询师、入库时间）
",,,2,功能测试,系统测试阶段,正常,0,0,1,,,2019/11/26,,,1,
2076,WoniuBossERP(#1),/市场营销(#3),查询功能,选择区域、状态，开始时间、结束时间为空，点击“查询”,成功登录，进入市场营销,"1.下拉框“区域”选择【重庆】
2.下拉框“状态”选择【已上门】
3.开始时间为空
4.结束时间为空
5.点击“查询”
","1.下拉框“区域”选择成功
2.下拉框“状态”选择成功
3.开始时间为空
4.结束时间为空
5.显示内容列表，包括（
姓名、区域、来源、状态、电话号码、qq号码年龄、咨询师、入库时间）
",,,2,功能测试,系统测试阶段,正常,0,0,1,,,2019/11/26,,,1,
2077,WoniuBossERP(#1),/市场营销(#3),查询功能,选择区域、状态，开始时间、结束时间为空，点击“查询”,成功登录，进入市场营销,"1.下拉框“区域”选择【重庆】
2.下拉框“状态”选择【再投递】
3.开始时间为空
4.结束时间为空
5.点击“查询”
","1.下拉框“区域”选择成功
2.下拉框“状态”选择成功
3.开始时间为空
4.结束时间为空
5.显示内容列表，包括（
姓名、区域、来源、状态、电话号码、qq号码年龄、咨询师、入库时间）
",,,2,功能测试,系统测试阶段,正常,0,0,1,,,2019/11/26,,,1,
2078,WoniuBossERP(#1),/市场营销(#3),查询功能,选择区域、状态，开始时间、结束时间为空，点击“查询”,成功登录，进入市场营销,"1.下拉框“区域”选择【重庆】
2.下拉框“状态”选择【已报名】
3.开始时间为空
4.结束时间为空
5.点击“查询”
","1.下拉框“区域”选择成功
2.下拉框“状态”选择成功
3.开始时间为空
4.结束时间为空
5.显示内容列表，包括（
姓名、区域、来源、状态、电话号码、qq号码年龄、咨询师、入库时间）
",,,2,功能测试,系统测试阶段,正常,0,0,1,,,2019/11/26,,,1,
2079,WoniuBossERP(#1),/市场营销(#3),查询功能,选择区域、状态，开始时间、结束时间为空，点击“查询”,成功登录，进入市场营销,"1.下拉框“区域”选择【重庆】
2.下拉框“状态”选择【可跟进】
3.开始时间为空
4.结束时间为空
5.点击“查询”
","1.下拉框“区域”选择成功
2.下拉框“状态”选择成功
3.开始时间为空
4.结束时间为空
5.显示内容列表，包括（
姓名、区域、来源、状态、电话号码、qq号码年龄、咨询师、入库时间）
",,,2,功能测试,系统测试阶段,正常,0,0,1,,,2019/11/26,,,1,
2080,WoniuBossERP(#1),/市场营销(#3),查询功能,选择区域、状态，开始时间、结束时间为空，点击“查询”,成功登录，进入市场营销,"1.下拉框“区域”选择【重庆】
2.下拉框“状态”选择【无意向】
3.开始时间为空
4.结束时间为空
5.点击“查询”
","1.下拉框“区域”选择成功
2.下拉框“状态”选择成功
3.开始时间为空
4.结束时间为空
5.显示内容列表，包括（
姓名、区域、来源、状态、电话号码、qq号码年龄、咨询师、入库时间）
",,,2,功能测试,系统测试阶段,正常,0,0,1,,,2019/11/26,,,1,
2081,WoniuBossERP(#1),/市场营销(#3),查询功能,选择区域、状态，开始时间、结束时间为空，点击“查询”,成功登录，进入市场营销,"1.下拉框“区域”选择【重庆】
2.下拉框“状态”选择【未联系上】
3.开始时间为空
4.结束时间为空
5.点击“查询”
","1.下拉框“区域”选择成功
2.下拉框“状态”选择成功
3.开始时间为空
4.结束时间为空
5.显示内容列表，包括（
姓名、区域、来源、状态、电话号码、qq号码年龄、咨询师、入库时间）
",,,2,功能测试,系统测试阶段,正常,0,0,1,,,2019/11/26,,,1,
2082,WoniuBossERP(#1),/市场营销(#3),查询功能,选择区域、状态，开始时间、结束时间为空，点击“查询”,成功登录，进入市场营销,"1.下拉框“区域”选择【重庆】
2.下拉框“状态”选择【培训过】
3.开始时间为空
4.结束时间为空
5.点击“查询”
","1.下拉框“区域”选择成功
2.下拉框“状态”选择成功
3.开始时间为空
4.结束时间为空
5.显示内容列表，包括（
姓名、区域、来源、状态、电话号码、qq号码年龄、咨询师、入库时间）
",,,2,功能测试,系统测试阶段,正常,0,0,1,,,2019/11/26,,,1,
2083,WoniuBossERP(#1),/市场营销(#3),查询功能,选择区域、状态，开始时间、结束时间为空，点击“查询”,成功登录，进入市场营销,"1.下拉框“区域”选择【重庆】
2.下拉框“状态”选择【条件不符】
3.开始时间为空
4.结束时间为空
5.点击“查询”
","1.下拉框“区域”选择成功
2.下拉框“状态”选择成功
3.开始时间为空
4.结束时间为空
5.显示内容列表，包括（
姓名、区域、来源、状态、电话号码、qq号码年龄、咨询师、入库时间）
",,,2,功能测试,系统测试阶段,正常,0,0,1,,,2019/11/26,,,1,
2084,WoniuBossERP(#1),/市场营销(#3),查询功能,选择区域、状态，开始时间、结束时间为空，点击“查询”,成功登录，进入市场营销,"1.下拉框“区域”选择【西安】
2.下拉框“状态”选择【新入库】
3.开始时间为空
4.结束时间为空
5.点击“查询”
","1.下拉框“区域”选择成功
2.下拉框“状态”选择成功
3.开始时间为空
4.结束时间为空
5.显示内容列表，包括（
姓名、区域、来源、状态、电话号码、qq号码年龄、咨询师、入库时间）
",,,2,功能测试,系统测试阶段,正常,0,0,1,,,2019/11/26,,,1,
2085,WoniuBossERP(#1),/市场营销(#3),查询功能,选择区域、状态，开始时间、结束时间为空，点击“查询”,成功登录，进入市场营销,"1.下拉框“区域”选择【西安】
2.下拉框“状态”选择【新认领】
3.开始时间为空
4.结束时间为空
5.点击“查询”
","1.下拉框“区域”选择成功
2.下拉框“状态”选择成功
3.开始时间为空
4.结束时间为空
5.显示内容列表，包括（
姓名、区域、来源、状态、电话号码、qq号码年龄、咨询师、入库时间）
",,,2,功能测试,系统测试阶段,正常,0,0,1,,,2019/11/26,,,1,
2086,WoniuBossERP(#1),/市场营销(#3),查询功能,选择区域、状态，开始时间、结束时间为空，点击“查询”,成功登录，进入市场营销,"1.下拉框“区域”选择【西安】
2.下拉框“状态”选择【已预约】
3.开始时间为空
4.结束时间为空
5.点击“查询”
","1.下拉框“区域”选择成功
2.下拉框“状态”选择成功
3.开始时间为空
4.结束时间为空
5.显示内容列表，包括（
姓名、区域、来源、状态、电话号码、qq号码年龄、咨询师、入库时间）
",,,2,功能测试,系统测试阶段,正常,0,0,1,,,2019/11/26,,,1,
2087,WoniuBossERP(#1),/市场营销(#3),查询功能,选择区域、状态，开始时间、结束时间为空，点击“查询”,成功登录，进入市场营销,"1.下拉框“区域”选择【西安】
2.下拉框“状态”选择【新入库】
3.开始时间为空
4.结束时间为空
5.点击“查询”
","1.下拉框“区域”选择成功
2.下拉框“状态”选择成功
3.开始时间为空
4.结束时间为空
5.显示内容列表，包括（
姓名、区域、来源、状态、电话号码、qq号码年龄、咨询师、入库时间）
",,,2,功能测试,系统测试阶段,正常,0,0,1,,,2019/11/26,,,1,
2088,WoniuBossERP(#1),/市场营销(#3),查询功能,选择区域、状态，开始时间、结束时间为空，点击“查询”,成功登录，进入市场营销,"1.下拉框“区域”选择【西安】
2.下拉框“状态”选择【已上门】
3.开始时间为空
4.结束时间为空
5.点击“查询”
","1.下拉框“区域”选择成功
2.下拉框“状态”选择成功
3.开始时间为空
4.结束时间为空
5.显示内容列表，包括（
姓名、区域、来源、状态、电话号码、qq号码年龄、咨询师、入库时间）
",,,2,功能测试,系统测试阶段,正常,0,0,1,,,2019/11/26,,,1,
2089,WoniuBossERP(#1),/市场营销(#3),查询功能,选择区域、状态，开始时间、结束时间为空，点击“查询”,成功登录，进入市场营销,"1.下拉框“区域”选择【西安】
2.下拉框“状态”选择【再投递】
3.开始时间为空
4.结束时间为空
5.点击“查询”
","1.下拉框“区域”选择成功
2.下拉框“状态”选择成功
3.开始时间为空
4.结束时间为空
5.显示内容列表，包括（
姓名、区域、来源、状态、电话号码、qq号码年龄、咨询师、入库时间）
",,,2,功能测试,系统测试阶段,正常,0,0,1,,,2019/11/26,,,1,
2090,WoniuBossERP(#1),/市场营销(#3),查询功能,选择区域、状态，开始时间、结束时间为空，点击“查询”,成功登录，进入市场营销,"1.下拉框“区域”选择【西安】
2.下拉框“状态”选择【已报名】
3.开始时间为空
4.结束时间为空
5.点击“查询”
","1.下拉框“区域”选择成功
2.下拉框“状态”选择成功
3.开始时间为空
4.结束时间为空
5.显示内容列表，包括（
姓名、区域、来源、状态、电话号码、qq号码年龄、咨询师、入库时间）
",,,2,功能测试,系统测试阶段,正常,0,0,1,,,2019/11/26,,,1,
2091,WoniuBossERP(#1),/市场营销(#3),查询功能,选择区域、状态，开始时间、结束时间为空，点击“查询”,成功登录，进入市场营销,"1.下拉框“区域”选择【西安】
2.下拉框“状态”选择【可跟进】
3.开始时间为空
4.结束时间为空
5.点击“查询”
","1.下拉框“区域”选择成功
2.下拉框“状态”选择成功
3.开始时间为空
4.结束时间为空
5.显示内容列表，包括（
姓名、区域、来源、状态、电话号码、qq号码年龄、咨询师、入库时间）
",,,2,功能测试,系统测试阶段,正常,0,0,1,,,2019/11/26,,,1,
2092,WoniuBossERP(#1),/市场营销(#3),查询功能,选择区域、状态，开始时间、结束时间为空，点击“查询”,成功登录，进入市场营销,"1.下拉框“区域”选择【西安】
2.下拉框“状态”选择【无意向】
3.开始时间为空
4.结束时间为空
5.点击“查询”
","1.下拉框“区域”选择成功
2.下拉框“状态”选择成功
3.开始时间为空
4.结束时间为空
5.显示内容列表，包括（
姓名、区域、来源、状态、电话号码、qq号码年龄、咨询师、入库时间）
",,,2,功能测试,系统测试阶段,正常,0,0,1,,,2019/11/26,,,1,
2093,WoniuBossERP(#1),/市场营销(#3),查询功能,选择区域、状态，开始时间、结束时间为空，点击“查询”,成功登录，进入市场营销,"1.下拉框“区域”选择【西安】
2.下拉框“状态”选择【未联系上】
3.开始时间为空
4.结束时间为空
5.点击“查询”
","1.下拉框“区域”选择成功
2.下拉框“状态”选择成功
3.开始时间为空
4.结束时间为空
5.显示内容列表，包括（
姓名、区域、来源、状态、电话号码、qq号码年龄、咨询师、入库时间）
",,,2,功能测试,系统测试阶段,正常,0,0,1,,,2019/11/26,,,1,
2094,WoniuBossERP(#1),/市场营销(#3),查询功能,选择区域、状态，开始时间、结束时间为空，点击“查询”,成功登录，进入市场营销,"1.下拉框“区域”选择【西安】
2.下拉框“状态”选择【培训过】
3.开始时间为空
4.结束时间为空
5.点击“查询”
","1.下拉框“区域”选择成功
2.下拉框“状态”选择成功
3.开始时间为空
4.结束时间为空
5.显示内容列表，包括（
姓名、区域、来源、状态、电话号码、qq号码年龄、咨询师、入库时间）
",,,2,功能测试,系统测试阶段,正常,0,0,1,,,2019/11/26,,,1,
2095,WoniuBossERP(#1),/市场营销(#3),查询功能,选择区域、状态，开始时间、结束时间为空，点击“查询”,成功登录，进入市场营销,"1.下拉框“区域”选择【西安】
2.下拉框“状态”选择【条件不符】
3.开始时间为空
4.结束时间为空
5.点击“查询”
","1.下拉框“区域”选择成功
2.下拉框“状态”选择成功
3.开始时间为空
4.结束时间为空
5.显示内容列表，包括（
姓名、区域、来源、状态、电话号码、qq号码年龄、咨询师、入库时间）
",,,2,功能测试,系统测试阶段,正常,0,0,1,,,2019/11/26,,,1,
2096,WoniuBossERP(#1),/市场营销(#3),查询功能,选择区域、状态，输入正确开始时间，结束时间为空，点击“查询”,成功登录，进入市场营销,"1.下拉框“区域”选择【全部】
2.下拉框“状态”选择【全部】
3.输入开始时间【2019-11-1】
4.结束时间为空
5.点击“查询”
","1.下拉框“区域”选择成功
2.下拉框“状态”选择成功
3.开始时间成功输入
4.结束时间为空
5.显示内容列表，包括（
姓名、区域、来源、状态、电话号码、qq号码年龄、咨询师、入库时间）
",,,2,功能测试,系统测试阶段,正常,0,0,1,,,2019/11/26,,,1,
2097,WoniuBossERP(#1),/市场营销(#3),查询功能,选择区域、状态、输入错误开始时间，结束时间为空，点击“查询”,成功登录，进入市场营销,"1.下拉框“区域”选择【全部】
2.下拉框“状态”选择【全部】
3.输入开始时间【2019-13-01】
4.结束时间为空
5.点击“查询”
","1.下拉框“区域”选择成功
2.下拉框“状态”选择成功
3.开始时间成功输入
4.结束时间为空
5.显示内容列表为空",,,2,功能测试,系统测试阶段,正常,0,0,1,,,2019/11/26,,,1,
2098,WoniuBossERP(#1),/市场营销(#3),查询功能,选择区域、状态、输入大于当前时间的开始时间，结束时间为空，点击“查询”,成功登录，进入市场营销,"1.下拉框“区域”选择【全部】
2.下拉框“状态”选择【全部】
3.输入开始时间【3000-01-01】
4.结束时间为空
5.点击“查询”
","1.下拉框“区域”选择成功
2.下拉框“状态”选择成功
3.开始时间成功输入
4.结束时间为空
5.显示内容列表为空",,,2,功能测试,系统测试阶段,正常,0,0,1,,,2019/11/26,,,1,
2099,WoniuBossERP(#1),/市场营销(#3),查询功能,选择区域、状态、当前时间为空，输入正确结束时间，点击“查询”,成功登录，进入市场营销,"1.下拉框“区域”选择【全部】
2.下拉框“状态”选择【全部】
3.开始时间为空
4.输入结束时间【2019-11-27】
5.点击“查询”
","1.下拉框“区域”选择成功
2.下拉框“状态”选择成功
3.开始时间为空
4.结束时间成功输入
5.显示内容列表，包括（
姓名、区域、来源、状态、电话号码、qq号码年龄、咨询师、入库时间）",,,2,功能测试,系统测试阶段,正常,0,0,1,,,2019/11/26,,,1,
2100,WoniuBossERP(#1),/市场营销(#3),查询功能,选择区域、状态、当前时间为空，输入错误结束时间，点击“查询”,成功登录，进入市场营销,"1.下拉框“区域”选择【全部】
2.下拉框“状态”选择【全部】
3.开始时间为空
4.输入结束时间【1000-15-34】
5.点击“查询”
","1.下拉框“区域”选择成功
2.下拉框“状态”选择成功
3.开始时间为空
4.结束时间成功输入
5.显示内容列表为空",,,2,功能测试,系统测试阶段,正常,0,0,1,,,2019/11/26,,,1,
2101,WoniuBossERP(#1),/市场营销(#3),查询功能,选择区域、状态、当前时间为空，输入大于当前时间的结束时间，点击“查询”,成功登录，进入市场营销,"1.下拉框“区域”选择【全部】
2.下拉框“状态”选择【全部】
3.开始时间为空
4.输入结束时间【2020-10-12】
5.点击“查询”
","1.下拉框“区域”选择成功
2.下拉框“状态”选择成功
3.开始时间为空
4.结束时间成功输入
5.显示内容列表，包括（
姓名、区域、来源、状态、电话号码、qq号码年龄、咨询师、入库时间）",,,2,功能测试,系统测试阶段,正常,0,0,1,,,2019/11/26,,,1,
2102,WoniuBossERP(#1),/市场营销(#3),上传专属功能检查,正确选择区域、部门，上传格式正确的文件，上传功能检查,成功登录，进入市场营销,"1.点击“上传专属”
2.下拉框“区域”选择【全部】
3.下拉框“部门”选择【全部】
4.点击“选择文件”，上传文件
5.点击“提交”
","1.系统弹出上传专属信息框
2.“区域”选择成功
3.“部门”选择成功
4.文件上传成功
5.系统提示“请选择上传部门”
",,,2,功能测试,系统测试阶段,正常,0,0,1,,,2019/11/26,,,1,
2103,WoniuBossERP(#1),/市场营销(#3),上传专属功能检查,正确选择区域、部门，上传格式正确的文件，上传功能检查,成功登录，进入市场营销,"1.点击“上传专属”
2.下拉框“区域”选择【成都】
3.下拉框“部门”选择【管理部】
4.点击“选择文件”，上传文件
5.点击“提交”
6.点击“确定”
","1.系统弹出上传专属信息框
2.“区域”选择成功
3.“部门”选择成功
4.文件上传成功
5.系统提示上传的详细信息，及是否确定
6.信息上传成功
",,,2,功能测试,系统测试阶段,正常,0,0,1,,,2019/11/26,,,1,
2104,WoniuBossERP(#1),/市场营销(#3),上传专属功能检查,正确选择区域、部门，上传格式正确的文件，上传功能检查,成功登录，进入市场营销,"1.点击“上传专属”
2.下拉框“区域”选择【成都】
3.下拉框“部门”选择【就业部】
4.点击“选择文件”，上传文件
5.点击“提交”
6.点击“确定”
","1.系统弹出上传专属信息框
2.“区域”选择成功
3.“部门”选择成功
4.文件上传成功
5.系统提示上传的详细信息，及是否确定
6.信息上传成功
",,,2,功能测试,系统测试阶段,正常,0,0,1,,,2019/11/26,,,1,
2105,WoniuBossERP(#1),/市场营销(#3),上传专属功能检查,正确选择区域、部门，上传格式正确的文件，上传功能检查,成功登录，进入市场营销,"1.点击“上传专属”
2.下拉框“区域”选择【成都】
3.下拉框“部门”选择【咨询部】
4.点击“选择文件”，上传文件
5.点击“提交”
6.点击“确定”
","1.系统弹出上传专属信息框
2.“区域”选择成功
3.“部门”选择成功
4.文件上传成功
5.系统提示上传的详细信息，及是否确定
6.信息上传成功
",,,2,功能测试,系统测试阶段,正常,0,0,1,,,2019/11/26,,,1,
2106,WoniuBossERP(#1),/市场营销(#3),上传专属功能检查,正确选择区域、部门，上传格式正确的文件，上传功能检查,成功登录，进入市场营销,"1.点击“上传专属”
2.下拉框“区域”选择【成都】
3.下拉框“部门”选择【电销部】
4.点击“选择文件”，上传文件
5.点击“提交”
6.点击“确定”
","1.系统弹出上传专属信息框
2.“区域”选择成功
3.“部门”选择成功
4.文件上传成功
5.系统提示上传的详细信息，及是否确定
6.信息上传成功
",,,2,功能测试,系统测试阶段,正常,0,0,1,,,2019/11/26,,,1,
2107,WoniuBossERP(#1),/市场营销(#3),上传专属功能检查,正确选择区域、部门，上传格式正确的文件，上传功能检查,成功登录，进入市场营销,"1.点击“上传专属”
2.下拉框“区域”选择【成都】
3.下拉框“部门”选择【渠道部】
4.点击“选择文件”，上传文件
5.点击“提交”
6.点击“确定”
","1.系统弹出上传专属信息框
2.“区域”选择成功
3.“部门”选择成功
4.文件上传成功
5.系统提示上传的详细信息，及是否确定
6.信息上传成功
",,,2,功能测试,系统测试阶段,正常,0,0,1,,,2019/11/26,,,1,
2108,WoniuBossERP(#1),/市场营销(#3),上传专属功能检查,正确选择区域、部门，上传格式正确的文件，上传功能检查,成功登录，进入市场营销,"1.点击“上传专属”
2.下拉框“区域”选择【成都】
3.下拉框“部门”选择【市场部】
4.点击“选择文件”，上传文件
5.点击“提交”
6.点击“确定”
","1.系统弹出上传专属信息框
2.“区域”选择成功
3.“部门”选择成功
4.文件上传成功
5.系统提示上传的详细信息，及是否确定
6.信息上传成功
",,,2,功能测试,系统测试阶段,正常,0,0,1,,,2019/11/26,,,1,
2109,WoniuBossERP(#1),/市场营销(#3),上传专属功能检查,正确选择区域、部门，上传格式正确的文件，上传功能检查,成功登录，进入市场营销,"1.点击“上传专属”
2.下拉框“区域”选择【成都】
3.下拉框“部门”选择【教学部】
4.点击“选择文件”，上传文件
5.点击“提交”
6.点击“确定”
","1.系统弹出上传专属信息框
2.“区域”选择成功
3.“部门”选择成功
4.文件上传成功
5.系统提示上传的详细信息，及是否确定
6.信息上传成功
",,,2,功能测试,系统测试阶段,正常,0,0,1,,,2019/11/26,,,1,
2110,WoniuBossERP(#1),/市场营销(#3),上传专属功能检查,正确选择区域、部门，上传格式正确的文件，上传功能检查,成功登录，进入市场营销,"1.点击“上传专属”
2.下拉框“区域”选择【成都】
3.下拉框“部门”选择【研发部】
4.点击“选择文件”，上传文件
5.点击“提交”
6.点击“确定”
","1.系统弹出上传专属信息框
2.“区域”选择成功
3.“部门”选择成功
4.文件上传成功
5.系统提示上传的详细信息，及是否确定
6.信息上传成功
",,,2,功能测试,系统测试阶段,正常,0,0,1,,,2019/11/26,,,1,
2111,WoniuBossERP(#1),/市场营销(#3),上传专属功能检查,正确选择区域、部门，上传格式正确的文件，上传功能检查,成功登录，进入市场营销,"1.点击“上传专属”
2.下拉框“区域”选择【成都】
3.下拉框“部门”选择【财务部】
4.点击“选择文件”，上传文件
5.点击“提交”
6.点击“确定”
","1.系统弹出上传专属信息框
2.“区域”选择成功
3.“部门”选择成功
4.文件上传成功
5.系统提示上传的详细信息，及是否确定
6.信息上传成功
",,,2,功能测试,系统测试阶段,正常,0,0,1,,,2019/11/26,,,1,
2112,WoniuBossERP(#1),/市场营销(#3),上传专属功能检查,正确选择区域、部门，上传格式正确的文件，上传功能检查,成功登录，进入市场营销,"1.点击“上传专属”
2.下拉框“区域”选择【重庆】
3.下拉框“部门”选择【管理部】
4.点击“选择文件”，上传文件
5.点击“提交”
6.点击“确定”
","1.系统弹出上传专属信息框
2.“区域”选择成功
3.“部门”选择成功
4.文件上传成功
5.系统提示上传的详细信息，及是否确定
6.信息上传成功
",,,2,功能测试,系统测试阶段,正常,0,0,1,,,2019/11/26,,,1,
2113,WoniuBossERP(#1),/市场营销(#3),上传专属功能检查,正确选择区域、部门，上传格式正确的文件，上传功能检查,成功登录，进入市场营销,"1.点击“上传专属”
2.下拉框“区域”选择【重庆】
3.下拉框“部门”选择【就业部】
4.点击“选择文件”，上传文件
5.点击“提交”
6.点击“确定”
","1.系统弹出上传专属信息框
2.“区域”选择成功
3.“部门”选择成功
4.文件上传成功
5.系统提示上传的详细信息，及是否确定
6.信息上传成功
",,,2,功能测试,系统测试阶段,正常,0,0,1,,,2019/11/26,,,1,
2114,WoniuBossERP(#1),/市场营销(#3),上传专属功能检查,正确选择区域、部门，上传格式正确的文件，上传功能检查,成功登录，进入市场营销,"1.点击“上传专属”
2.下拉框“区域”选择【重庆】
3.下拉框“部门”选择【咨询部】
4.点击“选择文件”，上传文件
5.点击“提交”
6.点击“确定”
","1.系统弹出上传专属信息框
2.“区域”选择成功
3.“部门”选择成功
4.文件上传成功
5.系统提示上传的详细信息，及是否确定
6.信息上传成功
",,,2,功能测试,系统测试阶段,正常,0,0,1,,,2019/11/26,,,1,
2115,WoniuBossERP(#1),/市场营销(#3),上传专属功能检查,正确选择区域、部门，上传格式正确的文件，上传功能检查,成功登录，进入市场营销,"1.点击“上传专属”
2.下拉框“区域”选择【重庆】
3.下拉框“部门”选择【渠道部】
4.点击“选择文件”，上传文件
5.点击“提交”
6.点击“确定”
","1.系统弹出上传专属信息框
2.“区域”选择成功
3.“部门”选择成功
4.文件上传成功
5.系统提示上传的详细信息，及是否确定
6.信息上传成功
",,,2,功能测试,系统测试阶段,正常,0,0,1,,,2019/11/26,,,1,
2116,WoniuBossERP(#1),/市场营销(#3),上传专属功能检查,正确选择区域、部门，上传格式正确的文件，上传功能检查,成功登录，进入市场营销,"1.点击“上传专属”
2.下拉框“区域”选择【重庆】
3.下拉框“部门”选择【市场部】
4.点击“选择文件”，上传文件
5.点击“提交”
6.点击“确定”
","1.系统弹出上传专属信息框
2.“区域”选择成功
3.“部门”选择成功
4.文件上传成功
5.系统提示上传的详细信息，及是否确定
6.信息上传成功
",,,2,功能测试,系统测试阶段,正常,0,0,1,,,2019/11/26,,,1,
2117,WoniuBossERP(#1),/市场营销(#3),上传专属功能检查,正确选择区域、部门，上传格式正确的文件，上传功能检查,成功登录，进入市场营销,"1.点击“上传专属”
2.下拉框“区域”选择【重庆】
3.下拉框“部门”选择【教学部】
4.点击“选择文件”，上传文件
5.点击“提交”
6.点击“确定”
","1.系统弹出上传专属信息框
2.“区域”选择成功
3.“部门”选择成功
4.文件上传成功
5.系统提示上传的详细信息，及是否确定
6.信息上传成功
",,,2,功能测试,系统测试阶段,正常,0,0,1,,,2019/11/26,,,1,
2118,WoniuBossERP(#1),/市场营销(#3),上传专属功能检查,正确选择区域、部门，上传格式正确的文件，上传功能检查,成功登录，进入市场营销,"1.点击“上传专属”
2.下拉框“区域”选择【西安】
3.下拉框“部门”选择【教学部】
4.点击“选择文件”，上传文件
5.点击“提交”
6.点击“确定”
","1.系统弹出上传专属信息框
2.“区域”选择成功
3.“部门”选择成功
4.文件上传成功
5.系统提示上传的详细信息，及是否确定
6.信息上传成功
",,,2,功能测试,系统测试阶段,正常,0,0,1,,,2019/11/26,,,1,
2119,WoniuBossERP(#1),/市场营销(#3),上传专属功能检查,正确选择区域、部门，上传格式正确的文件，上传功能检查,成功登录，进入市场营销,"1.点击“上传专属”
2.下拉框“区域”选择【西安】
3.下拉框“部门”选择【管理部】
4.点击“选择文件”，上传文件
5.点击“提交”
6.点击“确定”
","1.系统弹出上传专属信息框
2.“区域”选择成功
3.“部门”选择成功
4.文件上传成功
5.系统提示上传的详细信息，及是否确定
6.信息上传成功
",,,2,功能测试,系统测试阶段,正常,0,0,1,,,2019/11/26,,,1,
2120,WoniuBossERP(#1),/市场营销(#3),上传专属功能检查,正确选择区域、部门，上传格式正确的文件，上传功能检查,成功登录，进入市场营销,"1.点击“上传专属”
2.下拉框“区域”选择【西安】
3.下拉框“部门”选择【咨询部】
4.点击“选择文件”，上传文件
5.点击“提交”
6.点击“确定”
","1.系统弹出上传专属信息框
2.“区域”选择成功
3.“部门”选择成功
4.文件上传成功
5.系统提示上传的详细信息，及是否确定
6.信息上传成功
",,,2,功能测试,系统测试阶段,正常,0,0,1,,,2019/11/26,,,1,
2121,WoniuBossERP(#1),/市场营销(#3),上传专属功能检查,正确选择区域、部门，上传格式正确的文件，上传功能检查,成功登录，进入市场营销,"1.点击“上传专属”
2.下拉框“区域”选择【西安】
3.下拉框“部门”选择【就业部】
4.点击“选择文件”，上传文件
5.点击“提交”
6.点击“确定”
","1.系统弹出上传专属信息框
2.“区域”选择成功
3.“部门”选择成功
4.文件上传成功
5.系统提示上传的详细信息，及是否确定
6.信息上传成功
",,,2,功能测试,系统测试阶段,正常,0,0,1,,,2019/11/26,,,1,
2122,WoniuBossERP(#1),/市场营销(#3),上传专属功能检查,正确选择区域、部门，上传错误格式的文件，上传功能检查,成功登录，进入市场营销,"1.点击“上传专属”
2.下拉框“区域”选择【西安】
3.下拉框“部门”选择【咨询部】
4.点击“选择文件”，上传文件
5.点击“提交”

","1.系统弹出上传专属信息框
2.“区域”选择成功
3.“部门”选择成功
4.文件上传成功
5.系统提示“上传内容不正确”

",,,2,功能测试,系统测试阶段,正常,0,0,1,,,2019/11/26,,,1,
2123,WoniuBossERP(#1),/市场营销(#3),上传专属功能检查,正确选择区域、部门，上传文件为空，上传功能检查,成功登录，进入市场营销,"1.点击“上传专属”
2.下拉框“区域”选择【西安】
3.下拉框“部门”选择【咨询部】
4.点击“选择文件”，上传文件
5.点击“提交”

","1.系统弹出上传专属信息框
2.“区域”选择成功
3.“部门”选择成功
4.文件上传成功
5.系统提示“您没有选择要上传的文件”

",,,2,功能测试,系统测试阶段,正常,0,0,1,,,2019/11/26,,,1,
2124,WoniuBossERP(#1),/市场营销(#3),上传专属功能检查,正确选择区域、部门，上传错误大文件，上传功能检查,成功登录，进入市场营销,"1.点击“上传专属”
2.下拉框“区域”选择【西安】
3.下拉框“部门”选择【咨询部】
4.点击“选择文件”，上传文件
5.点击“提交”

","1.系统弹出上传专属信息框
2.“区域”选择成功
3.“部门”选择成功
4.文件上传成功
5.系统提示“上传内容不正确”

",,,2,功能测试,系统测试阶段,正常,0,0,1,,,2019/11/26,,,1,
2125,WoniuBossERP(#1),/市场营销(#3),读取邮箱功能检查,点击“读取邮箱”，读取邮箱功能检查,成功登录，进入市场营销,"1.点击“读取邮箱”
2.点击“确定”","1.系统弹出读取邮箱窗口
2.读取邮箱成功
",,,2,功能测试,系统测试阶段,正常,0,0,1,,,2019/11/26,,,1,
2126,WoniuBossERP(#1),/市场营销(#3),读取邮箱功能检查,点击“读取邮箱”，读取邮箱功能检查,成功登录，进入市场营销,"1.点击“读取邮箱”
2.点击“取消”","1.系统弹出读取邮箱窗口
2.取消读取邮箱
",,,2,功能测试,系统测试阶段,正常,0,0,1,,,2019/11/26,,,1,
2127,WoniuBossERP(#1),/市场营销(#3),读取邮箱功能检查,点击“读取邮箱”，读取邮箱功能检查,成功登录，进入市场营销,"1.点击“读取邮箱”
2.点击“X”","1.系统弹出读取邮箱窗口
2.取消读取邮箱
",,,2,功能测试,系统测试阶段,正常,0,0,1,,,2019/11/26,,,1,
2128,WoniuBossERP(#1),/市场营销(#3),新增网络资源功能检查,正确输入必填项区域、部门、电话、qq（电话、qq二选一）,成功登录，进入市场营销,"1.点击“新增网络”
2.下拉框“区域”选择“西安”
3.下拉框“部门”选择“咨询部”
4.输入电话【13000000000】
5.输入qq[898998]
6.点击“保存”","1.系统弹出新增网络窗口
2.下拉框“区域”选择成功
3.下拉框“部门”选择成功
4.电话输入成功
5.qq输入成功
6.系统提示“保存成功，系统已发送邮件通知咨询师“
",,,1,功能测试,系统测试阶段,正常,0,0,1,,,2019/11/26,,,1,
2129,WoniuBossERP(#1),/市场营销(#3),新增网络资源功能检查,输入已保存过的电话，正确输入必填项区域、部门、qq（电话、qq二选一）,成功登录，进入市场营销,"1.点击“新增网络”
2.下拉框“区域”选择“西安”
3.下拉框“部门”选择“咨询部”
4.输入电话【13000000000】
5.输入qq[898998]
6.点击“保存”","1.系统弹出新增网络窗口
2.下拉框“区域”选择成功
3.下拉框“部门”选择成功
4.电话输入成功
5.qq输入成功
6.系统提示“该资源已存在于系统中，“
",,,1,功能测试,系统测试阶段,正常,0,0,1,,,2019/11/26,,,1,
2130,WoniuBossERP(#1),/市场营销(#3),新增网络资源功能检查,电话输入为空，正确输入必填项区域、部门、qq（电话、qq二选一）,成功登录，进入市场营销,"1.点击“新增网络”
2.下拉框“区域”选择“西安”
3.下拉框“部门”选择“咨询部”
4.电话为空
5.输入qq[898998]
6.点击“保存”","1.系统弹出新增网络窗口
2.下拉框“区域”选择成功
3.下拉框“部门”选择成功
4.电话为空
5.qq输入成功
6.系统提示“保存成功，系统已发送邮件通知咨询师“
",,,1,功能测试,系统测试阶段,正常,0,0,1,,,2019/11/26,,,1,
2131,WoniuBossERP(#1),/市场营销(#3),新增网络资源功能检查,电话输入为空，输入已保存过的qq，正确输入必填项区域、部门（电话、qq二选一）,成功登录，进入市场营销,"1.点击“新增网络”
2.下拉框“区域”选择“西安”
3.下拉框“部门”选择“咨询部”
4.电话为空
5.输入qq[898998]
6.点击“保存”","1.系统弹出新增网络窗口
2.下拉框“区域”选择成功
3.下拉框“部门”选择成功
4.电话为空
5.qq输入成功
6.系统提示“该资源已存在于系统中“
",,,1,功能测试,系统测试阶段,正常,0,0,1,,,2019/11/26,,,1,
2132,WoniuBossERP(#1),/市场营销(#3),新增网络资源功能检查,电话输入为空，输入已保存过的qq，正确输入必填项区域、部门（电话、qq二选一）,成功登录，进入市场营销,"1.点击“新增网络”
2.下拉框“区域”选择“西安”
3.下拉框“部门”选择“咨询部”
4.电话为空
5.输入qq[898998]
6.点击“保存”","1.系统弹出新增网络窗口
2.下拉框“区域”选择成功
3.下拉框“部门”选择成功
4.电话为空
5.qq输入成功
6.系统提示“该资源已存在于系统中“
",,,1,功能测试,系统测试阶段,正常,0,0,1,,,2019/11/26,,,1,
2133,WoniuBossERP(#1),/市场营销(#3),新增网络资源功能检查,正确输入必填项区域、部门、电话、qq（电话、qq二选一）,成功登录，进入市场营销,"1.点击“新增网络”
2.下拉框“区域”选择“西安”
3.下拉框“部门”选择“管理部”
4.输入电话【13000000001】
5.输入qq[8989981]
6.点击“保存”","1.系统弹出新增网络窗口
2.下拉框“区域”选择成功
3.下拉框“部门”选择成功
4.电话输入成功
5.qq输入成功
6.系统提示“保存成功，系统已发送邮件通知咨询师“
",,,1,功能测试,系统测试阶段,正常,0,0,1,,,2019/11/26,,,1,
2134,WoniuBossERP(#1),/市场营销(#3),新增网络资源功能检查,正确输入必填项区域、部门、电话、qq（电话、qq二选一）,成功登录，进入市场营销,"1.点击“新增网络”
2.下拉框“区域”选择“西安”
3.下拉框“部门”选择“就业部”
4.输入电话【13000000002】
5.输入qq[8989982]
6.点击“保存”","1.系统弹出新增网络窗口
2.下拉框“区域”选择成功
3.下拉框“部门”选择成功
4.电话输入成功
5.qq输入成功
6.系统提示“保存成功，系统已发送邮件通知咨询师“
",,,1,功能测试,系统测试阶段,正常,0,0,1,,,2019/11/26,,,1,
2135,WoniuBossERP(#1),/市场营销(#3),新增网络资源功能检查,正确输入必填项区域、部门、电话、qq（电话、qq二选一）,成功登录，进入市场营销,"1.点击“新增网络”
2.下拉框“区域”选择“西安”
3.下拉框“部门”选择“就业部”
4.输入电话【13000000002】
5.输入qq[8989982]
6.点击“保存”","1.系统弹出新增网络窗口
2.下拉框“区域”选择成功
3.下拉框“部门”选择成功
4.电话输入成功
5.qq输入成功
6.系统提示“保存成功，系统已发送邮件通知咨询师“
",,,1,功能测试,系统测试阶段,正常,0,0,1,,,2019/11/26,,,1,
2136,WoniuBossERP(#1),/市场营销(#3),新增网络资源功能检查,正确输入必填项区域、部门、电话、qq（电话、qq二选一）,成功登录，进入市场营销,"1.点击“新增网络”
2.下拉框“区域”选择“西安”
3.下拉框“部门”选择“教学部”
4.输入电话【13000000003】
5.输入qq[8989983]
6.点击“保存”","1.系统弹出新增网络窗口
2.下拉框“区域”选择成功
3.下拉框“部门”选择成功
4.电话输入成功
5.qq输入成功
6.系统提示“保存成功，系统已发送邮件通知咨询师“
",,,1,功能测试,系统测试阶段,正常,0,0,1,,,2019/11/26,,,1,
2137,WoniuBossERP(#1),/市场营销(#3),新增网络资源功能检查,正确输入必填项区域、部门、电话、qq（电话、qq二选一）,成功登录，进入市场营销,"1.点击“新增网络”
2.下拉框“区域”选择“成都”
3.下拉框“部门”选择“管理部”
4.输入电话【15000000000】
5.输入qq[7989980]
6.点击“保存”","1.系统弹出新增网络窗口
2.下拉框“区域”选择成功
3.下拉框“部门”选择成功
4.电话输入成功
5.qq输入成功
6.系统提示“保存成功，系统已发送邮件通知咨询师“
",,,1,功能测试,系统测试阶段,正常,0,0,1,,,2019/11/26,,,1,
2138,WoniuBossERP(#1),/市场营销(#3),新增网络资源功能检查,正确输入必填项区域、部门、电话、qq（电话、qq二选一）,成功登录，进入市场营销,"1.点击“新增网络”
2.下拉框“区域”选择“成都”
3.下拉框“部门”选择“就业部”
4.输入电话【15000000001】
5.输入qq[7989980]
6.点击“保存”","1.系统弹出新增网络窗口
2.下拉框“区域”选择成功
3.下拉框“部门”选择成功
4.电话输入成功
5.qq输入成功
6.系统提示“保存成功，系统已发送邮件通知咨询师“
",,,1,功能测试,系统测试阶段,正常,0,0,1,,,2019/11/26,,,1,
2139,WoniuBossERP(#1),/市场营销(#3),新增网络资源功能检查,正确输入必填项区域、部门、电话、qq（电话、qq二选一）,成功登录，进入市场营销,"1.点击“新增网络”
2.下拉框“区域”选择“成都”
3.下拉框“部门”选择“教学部”
4.输入电话【15000000002】
5.输入qq[7989980]
6.点击“保存”","1.系统弹出新增网络窗口
2.下拉框“区域”选择成功
3.下拉框“部门”选择成功
4.电话输入成功
5.qq输入成功
6.系统提示“保存成功，系统已发送邮件通知咨询师“
",,,1,功能测试,系统测试阶段,正常,0,0,1,,,2019/11/26,,,1,
2140,WoniuBossERP(#1),/市场营销(#3),新增网络资源功能检查,正确输入必填项区域、部门、电话、qq（电话、qq二选一）,成功登录，进入市场营销,"1.点击“新增网络”
2.下拉框“区域”选择“成都”
3.下拉框“部门”选择“咨询部”
4.输入电话【15000000003】
5.输入qq[7989980]
6.点击“保存”","1.系统弹出新增网络窗口
2.下拉框“区域”选择成功
3.下拉框“部门”选择成功
4.电话输入成功
5.qq输入成功
6.系统提示“保存成功，系统已发送邮件通知咨询师“
",,,1,功能测试,系统测试阶段,正常,0,0,1,,,2019/11/26,,,1,
2141,WoniuBossERP(#1),/市场营销(#3),新增网络资源功能检查,正确输入必填项区域、部门、电话、qq（电话、qq二选一）,成功登录，进入市场营销,"1.点击“新增网络”
2.下拉框“区域”选择“成都”
3.下拉框“部门”选择“电销部”
4.输入电话【15000000004】
5.输入qq[7989980]
6.点击“保存”","1.系统弹出新增网络窗口
2.下拉框“区域”选择成功
3.下拉框“部门”选择成功
4.电话输入成功
5.qq输入成功
6.系统提示“保存成功，系统已发送邮件通知咨询师“
",,,1,功能测试,系统测试阶段,正常,0,0,1,,,2019/11/26,,,1,
2142,WoniuBossERP(#1),/市场营销(#3),新增网络资源功能检查,正确输入必填项区域、部门、电话、qq（电话、qq二选一）,成功登录，进入市场营销,"1.点击“新增网络”
2.下拉框“区域”选择“成都”
3.下拉框“部门”选择“教学部”
4.输入电话【15000000005】
5.输入qq[7989980]
6.点击“保存”","1.系统弹出新增网络窗口
2.下拉框“区域”选择成功
3.下拉框“部门”选择成功
4.电话输入成功
5.qq输入成功
6.系统提示“保存成功，系统已发送邮件通知咨询师“
",,,1,功能测试,系统测试阶段,正常,0,0,1,,,2019/11/26,,,1,
2143,WoniuBossERP(#1),/市场营销(#3),新增网络资源功能检查,正确输入必填项区域、部门、电话、qq（电话、qq二选一）,成功登录，进入市场营销,"1.点击“新增网络”
2.下拉框“区域”选择“成都”
3.下拉框“部门”选择“渠道部”
4.输入电话【15000000006】
5.输入qq[7989980]
6.点击“保存”","1.系统弹出新增网络窗口
2.下拉框“区域”选择成功
3.下拉框“部门”选择成功
4.电话输入成功
5.qq输入成功
6.系统提示“保存成功，系统已发送邮件通知咨询师“
",,,1,功能测试,系统测试阶段,正常,0,0,1,,,2019/11/26,,,1,
2144,WoniuBossERP(#1),/市场营销(#3),新增网络资源功能检查,正确输入必填项区域、部门、电话、qq（电话、qq二选一）,成功登录，进入市场营销,"1.点击“新增网络”
2.下拉框“区域”选择“成都”
3.下拉框“部门”选择“市场部”
4.输入电话【15000000007】
5.输入qq[7989980]
6.点击“保存”","1.系统弹出新增网络窗口
2.下拉框“区域”选择成功
3.下拉框“部门”选择成功
4.电话输入成功
5.qq输入成功
6.系统提示“保存成功，系统已发送邮件通知咨询师“
",,,1,功能测试,系统测试阶段,正常,0,0,1,,,2019/11/26,,,1,
2145,WoniuBossERP(#1),/市场营销(#3),新增网络资源功能检查,正确输入必填项区域、部门、电话、qq（电话、qq二选一）,成功登录，进入市场营销,"1.点击“新增网络”
2.下拉框“区域”选择“成都”
3.下拉框“部门”选择“教学部”
4.输入电话【15000000008】
5.输入qq[7989980]
6.点击“保存”","1.系统弹出新增网络窗口
2.下拉框“区域”选择成功
3.下拉框“部门”选择成功
4.电话输入成功
5.qq输入成功
6.系统提示“保存成功，系统已发送邮件通知咨询师“
",,,1,功能测试,系统测试阶段,正常,0,0,1,,,2019/11/26,,,1,
2146,WoniuBossERP(#1),/市场营销(#3),新增网络资源功能检查,正确输入必填项区域、部门、电话、qq（电话、qq二选一）,成功登录，进入市场营销,"1.点击“新增网络”
2.下拉框“区域”选择“成都”
3.下拉框“部门”选择“研发部”
4.输入电话【15000000009】
5.输入qq[7989980]
6.点击“保存”","1.系统弹出新增网络窗口
2.下拉框“区域”选择成功
3.下拉框“部门”选择成功
4.电话输入成功
5.qq输入成功
6.系统提示“保存成功，系统已发送邮件通知咨询师“
",,,1,功能测试,系统测试阶段,正常,0,0,1,,,2019/11/26,,,1,
2147,WoniuBossERP(#1),/市场营销(#3),新增网络资源功能检查,正确输入必填项区域、部门、电话、qq（电话、qq二选一）,成功登录，进入市场营销,"1.点击“新增网络”
2.下拉框“区域”选择“成都”
3.下拉框“部门”选择“财务部”
4.输入电话【15000000010】
5.输入qq[7989980]
6.点击“保存”","1.系统弹出新增网络窗口
2.下拉框“区域”选择成功
3.下拉框“部门”选择成功
4.电话输入成功
5.qq输入成功
6.系统提示“保存成功，系统已发送邮件通知咨询师“
",,,1,功能测试,系统测试阶段,正常,0,0,1,,,2019/11/26,,,1,
2148,WoniuBossERP(#1),/市场营销(#3),新增网络资源功能检查,正确输入必填项区域、部门、电话、qq（电话、qq二选一）,成功登录，进入市场营销,"1.点击“新增网络”
2.下拉框“区域”选择“重庆”
3.下拉框“部门”选择“管理部”
4.输入电话【16000000000】
5.输入qq[7989980]
6.点击“保存”","1.系统弹出新增网络窗口
2.下拉框“区域”选择成功
3.下拉框“部门”选择成功
4.电话输入成功
5.qq输入成功
6.系统提示“保存成功，系统已发送邮件通知咨询师“
",,,1,功能测试,系统测试阶段,正常,0,0,1,,,2019/11/26,,,1,
2149,WoniuBossERP(#1),/市场营销(#3),新增网络资源功能检查,正确输入必填项区域、部门、电话、qq（电话、qq二选一）,成功登录，进入市场营销,"1.点击“新增网络”
2.下拉框“区域”选择“重庆”
3.下拉框“部门”选择“就业部”
4.输入电话【16000000001】
5.输入qq[7989980]
6.点击“保存”","1.系统弹出新增网络窗口
2.下拉框“区域”选择成功
3.下拉框“部门”选择成功
4.电话输入成功
5.qq输入成功
6.系统提示“保存成功，系统已发送邮件通知咨询师“
",,,1,功能测试,系统测试阶段,正常,0,0,1,,,2019/11/26,,,1,
2150,WoniuBossERP(#1),/市场营销(#3),新增网络资源功能检查,正确输入必填项区域、部门、电话、qq（电话、qq二选一）,成功登录，进入市场营销,"1.点击“新增网络”
2.下拉框“区域”选择“重庆”
3.下拉框“部门”选择“咨询部”
4.输入电话【16000000002】
5.输入qq[7989980]
6.点击“保存”","1.系统弹出新增网络窗口
2.下拉框“区域”选择成功
3.下拉框“部门”选择成功
4.电话输入成功
5.qq输入成功
6.系统提示“保存成功，系统已发送邮件通知咨询师“
",,,1,功能测试,系统测试阶段,正常,0,0,1,,,2019/11/26,,,1,
2151,WoniuBossERP(#1),/市场营销(#3),新增网络资源功能检查,正确输入必填项区域、部门、电话、qq（电话、qq二选一）,成功登录，进入市场营销,"1.点击“新增网络”
2.下拉框“区域”选择“重庆”
3.下拉框“部门”选择“渠道部”
4.输入电话【16000000003】
5.输入qq[7989980]
6.点击“保存”","1.系统弹出新增网络窗口
2.下拉框“区域”选择成功
3.下拉框“部门”选择成功
4.电话输入成功
5.qq输入成功
6.系统提示“保存成功，系统已发送邮件通知咨询师“
",,,1,功能测试,系统测试阶段,正常,0,0,1,,,2019/11/26,,,1,
2152,WoniuBossERP(#1),/市场营销(#3),新增网络资源功能检查,正确输入必填项区域、部门、电话、qq（电话、qq二选一）,成功登录，进入市场营销,"1.点击“新增网络”
2.下拉框“区域”选择“重庆”
3.下拉框“部门”选择“市场部”
4.输入电话【16000000004】
5.输入qq[7989980]
6.点击“保存”","1.系统弹出新增网络窗口
2.下拉框“区域”选择成功
3.下拉框“部门”选择成功
4.电话输入成功
5.qq输入成功
6.系统提示“保存成功，系统已发送邮件通知咨询师“
",,,1,功能测试,系统测试阶段,正常,0,0,1,,,2019/11/26,,,1,
2153,WoniuBossERP(#1),/市场营销(#3),新增网络资源功能检查,正确输入必填项区域、部门、电话、qq（电话、qq二选一）,成功登录，进入市场营销,"1.点击“新增网络”
2.下拉框“区域”选择“重庆”
3.下拉框“部门”选择“教学部”
4.输入电话【16000000005】
5.输入qq[7989980]
6.点击“保存”","1.系统弹出新增网络窗口
2.下拉框“区域”选择成功
3.下拉框“部门”选择成功
4.电话输入成功
5.qq输入成功
6.系统提示“保存成功，系统已发送邮件通知咨询师“
",,,1,功能测试,系统测试阶段,正常,0,0,1,,,2019/11/26,,,1,
2154,WoniuBossERP(#1),/市场营销(#3),新增网络资源功能检查,正确输入必填项区域、部门、电话、qq（电话、qq二选一），正确填写非必填（姓名、性别、最新状态、邮箱、学校、学历、专业、求职意向、工作年限、期望薪水、渠道来源、应聘职位、年龄、教育经历、工作经历、最后跟踪）,成功登录，进入市场营销,"1.点击“新增网络”
2.下拉框“区域”选择“重庆”
3.下拉框“部门”选择“教学部”
4.输入电话【16000000008】
5.输入qq[79899855]
6.正确输入姓名【王大鹏】
7.正确输入性别【男】
8.选择下拉框“最新状态”【新入库】
9.正确输入邮箱【787890@qq.com】
10.正确输入学校【清华大学】
11.选择下拉框“学历”【本科】
12.正确输入专业【地质工程】
13.正确输入求职意向【测试工程师】
14.选择下拉框“工作年限”【1年左右】
15.正确输入期望薪水【5000元】
16.选择下拉框“渠道来源”【网络】
17.正确输入应聘职位【测试工程师】
18.正确输入年龄【24】
19.正确输入教育经历【清华大学】
20.正确输入工作经历【一年左右的测试工程师】
21.正确输入最后跟踪【学历非常好，能力非常强】
22.点击“保存”","1.系统弹出新增网络窗口
2.下拉框“区域”选择成功
3.下拉框“部门”选择成功
4.电话输入成功
5.qq输入成功
6.姓名成功输入
7.性别成功输入
8.选择下拉框“最新状态”成功选择
9.邮箱成功输入
10.学校成功输入
11.选择下拉框“学历”成功选择
12.专业成功输入
13.求职意向成功输入
14.选择下拉框“工作年限”成功选择
15.期望薪水成功输入
16.选择下拉框“渠道来源”成功选择
17.应聘职位成功输入
18.年龄成功输入
19.教育经历成功输入
20.工作经历成功输入
21.最后跟踪成功输入
22.系统提示“保存成功，系统已发送邮件通知咨询师“
",,,3,功能测试,系统测试阶段,正常,0,0,1,,,2019/11/26,,,1,
2155,WoniuBossERP(#1),/市场营销(#3),翻页功能检查,翻页功能检查,成功登录，进入市场营销，查询出数据,"1.点击“下一页”
","1.页面内容切换到当前页的下一页（当前页为最后页，切换至第一页）
",,,3,功能测试,系统测试阶段,正常,0,0,1,,,2019/11/26,,,1,
2156,WoniuBossERP(#1),/市场营销(#3),翻页功能检查,翻页功能检查,成功登录，进入市场营销，查询出数据,"1.点击“上一页”
","1.页面内容切换到当前页的上一页（当前页为第一页，切换至最后一页）
",,,3,功能测试,系统测试阶段,正常,0,0,1,,,2019/11/26,,,1,
2157,WoniuBossERP(#1),/市场营销(#3),翻页功能检查,翻页功能检查,成功登录，进入市场营销，查询出数据,"1.点击“页数”
","1.页面内容切换到指定页
",,,3,功能测试,系统测试阶段,正常,0,0,1,,,2019/11/26,,,1,
2158,WoniuBossERP(#1),/市场营销(#3),翻页功能检查,页面加载数据量功能检查,成功登录，进入市场营销，查询出数据,"1.点击每页显示条数
","1.页面内容重新加载为指定条数
",,,2,功能测试,系统测试阶段,正常,0,0,1,,,2019/11/26,,,1,
